https://www.encodeproject.org/files/ENCFF507ZJR//@@download/ENCFF507ZJR.bed.gz	FTO_K562_1_ENCFF507ZJR.bed.gz
https://www.encodeproject.org/files/ENCFF018SYJ//@@download/ENCFF018SYJ.bed.gz	FTO_K562_2_ENCFF018SYJ.bed.gz
https://www.encodeproject.org/files/ENCFF787NKL//@@download/ENCFF787NKL.bed.gz	SERBP1_K562_1_ENCFF787NKL.bed.gz
https://www.encodeproject.org/files/ENCFF058ORL//@@download/ENCFF058ORL.bed.gz	SERBP1_K562_2_ENCFF058ORL.bed.gz
https://www.encodeproject.org/files/ENCFF594PWG//@@download/ENCFF594PWG.bed.gz	PTBP1_K562_1_ENCFF594PWG.bed.gz
https://www.encodeproject.org/files/ENCFF894KLP//@@download/ENCFF894KLP.bed.gz	PTBP1_K562_2_ENCFF894KLP.bed.gz
https://www.encodeproject.org/files/ENCFF372VPV//@@download/ENCFF372VPV.bed.gz	PUM2_K562_1_ENCFF372VPV.bed.gz
https://www.encodeproject.org/files/ENCFF141SVY//@@download/ENCFF141SVY.bed.gz	PUM2_K562_2_ENCFF141SVY.bed.gz
https://www.encodeproject.org/files/ENCFF089HRM//@@download/ENCFF089HRM.bed.gz	RPS5_K562_1_ENCFF089HRM.bed.gz
https://www.encodeproject.org/files/ENCFF295HMO//@@download/ENCFF295HMO.bed.gz	RPS5_K562_2_ENCFF295HMO.bed.gz
https://www.encodeproject.org/files/ENCFF741UNZ//@@download/ENCFF741UNZ.bed.gz	YWHAG_K562_1_ENCFF741UNZ.bed.gz
https://www.encodeproject.org/files/ENCFF103TFM//@@download/ENCFF103TFM.bed.gz	YWHAG_K562_2_ENCFF103TFM.bed.gz
https://www.encodeproject.org/files/ENCFF684OXK//@@download/ENCFF684OXK.bed.gz	CDC40_HepG2_1_ENCFF684OXK.bed.gz
https://www.encodeproject.org/files/ENCFF134NUB//@@download/ENCFF134NUB.bed.gz	CDC40_HepG2_2_ENCFF134NUB.bed.gz
https://www.encodeproject.org/files/ENCFF556DEY//@@download/ENCFF556DEY.bed.gz	EIF3H_HepG2_1_ENCFF556DEY.bed.gz
https://www.encodeproject.org/files/ENCFF623SYZ//@@download/ENCFF623SYZ.bed.gz	EIF3H_HepG2_2_ENCFF623SYZ.bed.gz
https://www.encodeproject.org/files/ENCFF788PZS//@@download/ENCFF788PZS.bed.gz	SF3B4_K562_1_ENCFF788PZS.bed.gz
https://www.encodeproject.org/files/ENCFF498SRM//@@download/ENCFF498SRM.bed.gz	SF3B4_K562_2_ENCFF498SRM.bed.gz
https://www.encodeproject.org/files/ENCFF128MQR//@@download/ENCFF128MQR.bed.gz	EFTUD2_HepG2_1_ENCFF128MQR.bed.gz
https://www.encodeproject.org/files/ENCFF714YXE//@@download/ENCFF714YXE.bed.gz	EFTUD2_HepG2_2_ENCFF714YXE.bed.gz
https://www.encodeproject.org/files/ENCFF957KNE//@@download/ENCFF957KNE.bed.gz	XPO5_HepG2_1_ENCFF957KNE.bed.gz
https://www.encodeproject.org/files/ENCFF801OMV//@@download/ENCFF801OMV.bed.gz	XPO5_HepG2_2_ENCFF801OMV.bed.gz
https://www.encodeproject.org/files/ENCFF790BKB//@@download/ENCFF790BKB.bed.gz	SUB1_HepG2_1_ENCFF790BKB.bed.gz
https://www.encodeproject.org/files/ENCFF443VTY//@@download/ENCFF443VTY.bed.gz	SUB1_HepG2_2_ENCFF443VTY.bed.gz
https://www.encodeproject.org/files/ENCFF977COP//@@download/ENCFF977COP.bed.gz	EIF4G2_K562_1_ENCFF977COP.bed.gz
https://www.encodeproject.org/files/ENCFF920LSC//@@download/ENCFF920LSC.bed.gz	EIF4G2_K562_2_ENCFF920LSC.bed.gz
https://www.encodeproject.org/files/ENCFF635SWD//@@download/ENCFF635SWD.bed.gz	DDX3X_HepG2_1_ENCFF635SWD.bed.gz
https://www.encodeproject.org/files/ENCFF871UZO//@@download/ENCFF871UZO.bed.gz	DDX3X_HepG2_2_ENCFF871UZO.bed.gz
https://www.encodeproject.org/files/ENCFF394EQW//@@download/ENCFF394EQW.bed.gz	FXR2_K562_1_ENCFF394EQW.bed.gz
https://www.encodeproject.org/files/ENCFF237PCI//@@download/ENCFF237PCI.bed.gz	FXR2_K562_2_ENCFF237PCI.bed.gz
https://www.encodeproject.org/files/ENCFF352KYI//@@download/ENCFF352KYI.bed.gz	FXR1_K562_1_ENCFF352KYI.bed.gz
https://www.encodeproject.org/files/ENCFF704PUC//@@download/ENCFF704PUC.bed.gz	FXR1_K562_2_ENCFF704PUC.bed.gz
https://www.encodeproject.org/files/ENCFF356JSO//@@download/ENCFF356JSO.bed.gz	XRCC6_HepG2_1_ENCFF356JSO.bed.gz
https://www.encodeproject.org/files/ENCFF862XEI//@@download/ENCFF862XEI.bed.gz	XRCC6_HepG2_2_ENCFF862XEI.bed.gz
https://www.encodeproject.org/files/ENCFF143TAM//@@download/ENCFF143TAM.bed.gz	DHX30_HepG2_1_ENCFF143TAM.bed.gz
https://www.encodeproject.org/files/ENCFF190UCK//@@download/ENCFF190UCK.bed.gz	DHX30_HepG2_2_ENCFF190UCK.bed.gz
https://www.encodeproject.org/files/ENCFF060IHO//@@download/ENCFF060IHO.bed.gz	NONO_K562_1_ENCFF060IHO.bed.gz
https://www.encodeproject.org/files/ENCFF671OSS//@@download/ENCFF671OSS.bed.gz	NONO_K562_2_ENCFF671OSS.bed.gz
https://www.encodeproject.org/files/ENCFF262QZT//@@download/ENCFF262QZT.bed.gz	NCBP2_K562_1_ENCFF262QZT.bed.gz
https://www.encodeproject.org/files/ENCFF683ATR//@@download/ENCFF683ATR.bed.gz	NCBP2_K562_2_ENCFF683ATR.bed.gz
https://www.encodeproject.org/files/ENCFF384NHH//@@download/ENCFF384NHH.bed.gz	SBDS_K562_1_ENCFF384NHH.bed.gz
https://www.encodeproject.org/files/ENCFF450LWH//@@download/ENCFF450LWH.bed.gz	SBDS_K562_2_ENCFF450LWH.bed.gz
https://www.encodeproject.org/files/ENCFF724XML//@@download/ENCFF724XML.bed.gz	SF3B1_K562_1_ENCFF724XML.bed.gz
https://www.encodeproject.org/files/ENCFF421JRL//@@download/ENCFF421JRL.bed.gz	SF3B1_K562_2_ENCFF421JRL.bed.gz
https://www.encodeproject.org/files/ENCFF951OAJ//@@download/ENCFF951OAJ.bed.gz	DGCR8_HepG2_1_ENCFF951OAJ.bed.gz
https://www.encodeproject.org/files/ENCFF492NNT//@@download/ENCFF492NNT.bed.gz	DGCR8_HepG2_2_ENCFF492NNT.bed.gz
https://www.encodeproject.org/files/ENCFF883DWR//@@download/ENCFF883DWR.bed.gz	AARS_K562_1_ENCFF883DWR.bed.gz
https://www.encodeproject.org/files/ENCFF684FVK//@@download/ENCFF684FVK.bed.gz	AARS_K562_2_ENCFF684FVK.bed.gz
https://www.encodeproject.org/files/ENCFF259HTD//@@download/ENCFF259HTD.bed.gz	LARP4_K562_1_ENCFF259HTD.bed.gz
https://www.encodeproject.org/files/ENCFF986MGC//@@download/ENCFF986MGC.bed.gz	LARP4_K562_2_ENCFF986MGC.bed.gz
https://www.encodeproject.org/files/ENCFF935UME//@@download/ENCFF935UME.bed.gz	SUGP2_HepG2_1_ENCFF935UME.bed.gz
https://www.encodeproject.org/files/ENCFF572VUS//@@download/ENCFF572VUS.bed.gz	SUGP2_HepG2_2_ENCFF572VUS.bed.gz
https://www.encodeproject.org/files/ENCFF654YLH//@@download/ENCFF654YLH.bed.gz	SF3A3_HepG2_1_ENCFF654YLH.bed.gz
https://www.encodeproject.org/files/ENCFF515JTZ//@@download/ENCFF515JTZ.bed.gz	SF3A3_HepG2_2_ENCFF515JTZ.bed.gz
https://www.encodeproject.org/files/ENCFF998MNV//@@download/ENCFF998MNV.bed.gz	EWSR1_K562_1_ENCFF998MNV.bed.gz
https://www.encodeproject.org/files/ENCFF758RAD//@@download/ENCFF758RAD.bed.gz	EWSR1_K562_2_ENCFF758RAD.bed.gz
https://www.encodeproject.org/files/ENCFF142OCF//@@download/ENCFF142OCF.bed.gz	DDX24_K562_1_ENCFF142OCF.bed.gz
https://www.encodeproject.org/files/ENCFF701ZYH//@@download/ENCFF701ZYH.bed.gz	DDX24_K562_2_ENCFF701ZYH.bed.gz
https://www.encodeproject.org/files/ENCFF802BJP//@@download/ENCFF802BJP.bed.gz	CPSF6_K562_1_ENCFF802BJP.bed.gz
https://www.encodeproject.org/files/ENCFF454PKM//@@download/ENCFF454PKM.bed.gz	CPSF6_K562_2_ENCFF454PKM.bed.gz
https://www.encodeproject.org/files/ENCFF680IKQ//@@download/ENCFF680IKQ.bed.gz	DDX6_HepG2_1_ENCFF680IKQ.bed.gz
https://www.encodeproject.org/files/ENCFF978MRH//@@download/ENCFF978MRH.bed.gz	DDX6_HepG2_2_ENCFF978MRH.bed.gz
https://www.encodeproject.org/files/ENCFF220VDV//@@download/ENCFF220VDV.bed.gz	PPIL4_K562_1_ENCFF220VDV.bed.gz
https://www.encodeproject.org/files/ENCFF987VIP//@@download/ENCFF987VIP.bed.gz	PPIL4_K562_2_ENCFF987VIP.bed.gz
https://www.encodeproject.org/files/ENCFF570HZI//@@download/ENCFF570HZI.bed.gz	GNL3_K562_1_ENCFF570HZI.bed.gz
https://www.encodeproject.org/files/ENCFF331KTS//@@download/ENCFF331KTS.bed.gz	GNL3_K562_2_ENCFF331KTS.bed.gz
https://www.encodeproject.org/files/ENCFF362XUO//@@download/ENCFF362XUO.bed.gz	U2AF1_K562_1_ENCFF362XUO.bed.gz
https://www.encodeproject.org/files/ENCFF483ODR//@@download/ENCFF483ODR.bed.gz	U2AF1_K562_2_ENCFF483ODR.bed.gz
https://www.encodeproject.org/files/ENCFF030ESU//@@download/ENCFF030ESU.bed.gz	RBM27_K562_1_ENCFF030ESU.bed.gz
https://www.encodeproject.org/files/ENCFF981BTK//@@download/ENCFF981BTK.bed.gz	RBM27_K562_2_ENCFF981BTK.bed.gz
https://www.encodeproject.org/files/ENCFF182HYE//@@download/ENCFF182HYE.bed.gz	U2AF2_K562_1_ENCFF182HYE.bed.gz
https://www.encodeproject.org/files/ENCFF405ETO//@@download/ENCFF405ETO.bed.gz	U2AF2_K562_2_ENCFF405ETO.bed.gz
https://www.encodeproject.org/files/ENCFF927UFK//@@download/ENCFF927UFK.bed.gz	SMNDC1_K562_1_ENCFF927UFK.bed.gz
https://www.encodeproject.org/files/ENCFF723GHJ//@@download/ENCFF723GHJ.bed.gz	SMNDC1_K562_2_ENCFF723GHJ.bed.gz
https://www.encodeproject.org/files/ENCFF436FUS//@@download/ENCFF436FUS.bed.gz	MTPAP_K562_1_ENCFF436FUS.bed.gz
https://www.encodeproject.org/files/ENCFF266NFK//@@download/ENCFF266NFK.bed.gz	MTPAP_K562_2_ENCFF266NFK.bed.gz
https://www.encodeproject.org/files/ENCFF913GBH//@@download/ENCFF913GBH.bed.gz	GTF2F1_K562_1_ENCFF913GBH.bed.gz
https://www.encodeproject.org/files/ENCFF710NXQ//@@download/ENCFF710NXQ.bed.gz	GTF2F1_K562_2_ENCFF710NXQ.bed.gz
https://www.encodeproject.org/files/ENCFF534YQS//@@download/ENCFF534YQS.bed.gz	HNRNPC_HepG2_1_ENCFF534YQS.bed.gz
https://www.encodeproject.org/files/ENCFF230QOU//@@download/ENCFF230QOU.bed.gz	HNRNPC_HepG2_2_ENCFF230QOU.bed.gz
https://www.encodeproject.org/files/ENCFF087FYK//@@download/ENCFF087FYK.bed.gz	NOL12_HepG2_1_ENCFF087FYK.bed.gz
https://www.encodeproject.org/files/ENCFF506LVL//@@download/ENCFF506LVL.bed.gz	NOL12_HepG2_2_ENCFF506LVL.bed.gz
https://www.encodeproject.org/files/ENCFF856EHA//@@download/ENCFF856EHA.bed.gz	TIA1_HepG2_1_ENCFF856EHA.bed.gz
https://www.encodeproject.org/files/ENCFF378HWC//@@download/ENCFF378HWC.bed.gz	TIA1_HepG2_2_ENCFF378HWC.bed.gz
https://www.encodeproject.org/files/ENCFF357UDV//@@download/ENCFF357UDV.bed.gz	UCHL5_K562_1_ENCFF357UDV.bed.gz
https://www.encodeproject.org/files/ENCFF660XGG//@@download/ENCFF660XGG.bed.gz	UCHL5_K562_2_ENCFF660XGG.bed.gz
https://www.encodeproject.org/files/ENCFF853FGC//@@download/ENCFF853FGC.bed.gz	IGF2BP1_K562_1_ENCFF853FGC.bed.gz
https://www.encodeproject.org/files/ENCFF185IDD//@@download/ENCFF185IDD.bed.gz	IGF2BP1_K562_2_ENCFF185IDD.bed.gz
https://www.encodeproject.org/files/ENCFF578TMK//@@download/ENCFF578TMK.bed.gz	ZRANB2_K562_1_ENCFF578TMK.bed.gz
https://www.encodeproject.org/files/ENCFF263QPA//@@download/ENCFF263QPA.bed.gz	ZRANB2_K562_2_ENCFF263QPA.bed.gz
https://www.encodeproject.org/files/ENCFF241AOZ//@@download/ENCFF241AOZ.bed.gz	HNRNPK_K562_1_ENCFF241AOZ.bed.gz
https://www.encodeproject.org/files/ENCFF824IDO//@@download/ENCFF824IDO.bed.gz	HNRNPK_K562_2_ENCFF824IDO.bed.gz
https://www.encodeproject.org/files/ENCFF127WMZ//@@download/ENCFF127WMZ.bed.gz	KHSRP_K562_1_ENCFF127WMZ.bed.gz
https://www.encodeproject.org/files/ENCFF374XQF//@@download/ENCFF374XQF.bed.gz	KHSRP_K562_2_ENCFF374XQF.bed.gz
https://www.encodeproject.org/files/ENCFF028IXB//@@download/ENCFF028IXB.bed.gz	DDX42_K562_1_ENCFF028IXB.bed.gz
https://www.encodeproject.org/files/ENCFF981ZPT//@@download/ENCFF981ZPT.bed.gz	DDX42_K562_2_ENCFF981ZPT.bed.gz
https://www.encodeproject.org/files/ENCFF738QUP//@@download/ENCFF738QUP.bed.gz	KHDRBS1_K562_1_ENCFF738QUP.bed.gz
https://www.encodeproject.org/files/ENCFF214SWT//@@download/ENCFF214SWT.bed.gz	KHDRBS1_K562_2_ENCFF214SWT.bed.gz
https://www.encodeproject.org/files/ENCFF606CVG//@@download/ENCFF606CVG.bed.gz	RPS11_K562_1_ENCFF606CVG.bed.gz
https://www.encodeproject.org/files/ENCFF650CMA//@@download/ENCFF650CMA.bed.gz	RPS11_K562_2_ENCFF650CMA.bed.gz
https://www.encodeproject.org/files/ENCFF399DJZ//@@download/ENCFF399DJZ.bed.gz	BUD13_HepG2_1_ENCFF399DJZ.bed.gz
https://www.encodeproject.org/files/ENCFF785FUO//@@download/ENCFF785FUO.bed.gz	BUD13_HepG2_2_ENCFF785FUO.bed.gz
https://www.encodeproject.org/files/ENCFF186QJV//@@download/ENCFF186QJV.bed.gz	SUPV3L1_HepG2_1_ENCFF186QJV.bed.gz
https://www.encodeproject.org/files/ENCFF579FWN//@@download/ENCFF579FWN.bed.gz	SUPV3L1_HepG2_2_ENCFF579FWN.bed.gz
https://www.encodeproject.org/files/ENCFF073PCD//@@download/ENCFF073PCD.bed.gz	HNRNPL_HepG2_1_ENCFF073PCD.bed.gz
https://www.encodeproject.org/files/ENCFF103PRM//@@download/ENCFF103PRM.bed.gz	HNRNPL_HepG2_2_ENCFF103PRM.bed.gz
https://www.encodeproject.org/files/ENCFF669BCV//@@download/ENCFF669BCV.bed.gz	NPM1_K562_1_ENCFF669BCV.bed.gz
https://www.encodeproject.org/files/ENCFF177GMP//@@download/ENCFF177GMP.bed.gz	NPM1_K562_2_ENCFF177GMP.bed.gz
https://www.encodeproject.org/files/ENCFF267DFP//@@download/ENCFF267DFP.bed.gz	FASTKD2_K562_1_ENCFF267DFP.bed.gz
https://www.encodeproject.org/files/ENCFF718VRE//@@download/ENCFF718VRE.bed.gz	FASTKD2_K562_2_ENCFF718VRE.bed.gz
https://www.encodeproject.org/files/ENCFF348APX//@@download/ENCFF348APX.bed.gz	TNRC6A_K562_1_ENCFF348APX.bed.gz
https://www.encodeproject.org/files/ENCFF136TBE//@@download/ENCFF136TBE.bed.gz	TNRC6A_K562_2_ENCFF136TBE.bed.gz
https://www.encodeproject.org/files/ENCFF400LMM//@@download/ENCFF400LMM.bed.gz	LIN28B_K562_1_ENCFF400LMM.bed.gz
https://www.encodeproject.org/files/ENCFF892DVI//@@download/ENCFF892DVI.bed.gz	LIN28B_K562_2_ENCFF892DVI.bed.gz
https://www.encodeproject.org/files/ENCFF966KQG//@@download/ENCFF966KQG.bed.gz	TRA2A_HepG2_1_ENCFF966KQG.bed.gz
https://www.encodeproject.org/files/ENCFF105GZJ//@@download/ENCFF105GZJ.bed.gz	TRA2A_HepG2_2_ENCFF105GZJ.bed.gz
https://www.encodeproject.org/files/ENCFF193VAQ//@@download/ENCFF193VAQ.bed.gz	NOLC1_K562_1_ENCFF193VAQ.bed.gz
https://www.encodeproject.org/files/ENCFF810IDY//@@download/ENCFF810IDY.bed.gz	NOLC1_K562_2_ENCFF810IDY.bed.gz
https://www.encodeproject.org/files/ENCFF100JBV//@@download/ENCFF100JBV.bed.gz	HNRNPA1_K562_1_ENCFF100JBV.bed.gz
https://www.encodeproject.org/files/ENCFF902IDT//@@download/ENCFF902IDT.bed.gz	HNRNPA1_K562_2_ENCFF902IDT.bed.gz
https://www.encodeproject.org/files/ENCFF623LPT//@@download/ENCFF623LPT.bed.gz	ILF3_K562_1_ENCFF623LPT.bed.gz
https://www.encodeproject.org/files/ENCFF353RQP//@@download/ENCFF353RQP.bed.gz	ILF3_K562_2_ENCFF353RQP.bed.gz
https://www.encodeproject.org/files/ENCFF062YKQ//@@download/ENCFF062YKQ.bed.gz	NSUN2_K562_1_ENCFF062YKQ.bed.gz
https://www.encodeproject.org/files/ENCFF496SLO//@@download/ENCFF496SLO.bed.gz	NSUN2_K562_2_ENCFF496SLO.bed.gz
https://www.encodeproject.org/files/ENCFF891XHE//@@download/ENCFF891XHE.bed.gz	EIF3D_HepG2_1_ENCFF891XHE.bed.gz
https://www.encodeproject.org/files/ENCFF286YIR//@@download/ENCFF286YIR.bed.gz	EIF3D_HepG2_2_ENCFF286YIR.bed.gz
https://www.encodeproject.org/files/ENCFF485BRZ//@@download/ENCFF485BRZ.bed.gz	SLTM_K562_1_ENCFF485BRZ.bed.gz
https://www.encodeproject.org/files/ENCFF125YXW//@@download/ENCFF125YXW.bed.gz	SLTM_K562_2_ENCFF125YXW.bed.gz
https://www.encodeproject.org/files/ENCFF176RGG//@@download/ENCFF176RGG.bed.gz	RBM5_HepG2_1_ENCFF176RGG.bed.gz
https://www.encodeproject.org/files/ENCFF998ACW//@@download/ENCFF998ACW.bed.gz	RBM5_HepG2_2_ENCFF998ACW.bed.gz
https://www.encodeproject.org/files/ENCFF518MSP//@@download/ENCFF518MSP.bed.gz	UPF1_K562_1_ENCFF518MSP.bed.gz
https://www.encodeproject.org/files/ENCFF707BGL//@@download/ENCFF707BGL.bed.gz	UPF1_K562_2_ENCFF707BGL.bed.gz
https://www.encodeproject.org/files/ENCFF492OPF//@@download/ENCFF492OPF.bed.gz	XRN2_HepG2_1_ENCFF492OPF.bed.gz
https://www.encodeproject.org/files/ENCFF963GMC//@@download/ENCFF963GMC.bed.gz	XRN2_HepG2_2_ENCFF963GMC.bed.gz
https://www.encodeproject.org/files/ENCFF669TNM//@@download/ENCFF669TNM.bed.gz	TARDBP_K562_1_ENCFF669TNM.bed.gz
https://www.encodeproject.org/files/ENCFF606RXB//@@download/ENCFF606RXB.bed.gz	TARDBP_K562_2_ENCFF606RXB.bed.gz
https://www.encodeproject.org/files/ENCFF623DUI//@@download/ENCFF623DUI.bed.gz	NKRF_HepG2_1_ENCFF623DUI.bed.gz
https://www.encodeproject.org/files/ENCFF432EVC//@@download/ENCFF432EVC.bed.gz	NKRF_HepG2_2_ENCFF432EVC.bed.gz
https://www.encodeproject.org/files/ENCFF127WRQ//@@download/ENCFF127WRQ.bed.gz	EXOSC5_K562_1_ENCFF127WRQ.bed.gz
https://www.encodeproject.org/files/ENCFF532CWB//@@download/ENCFF532CWB.bed.gz	EXOSC5_K562_2_ENCFF532CWB.bed.gz
https://www.encodeproject.org/files/ENCFF408HQB//@@download/ENCFF408HQB.bed.gz	HNRNPU_K562_1_ENCFF408HQB.bed.gz
https://www.encodeproject.org/files/ENCFF638WUB//@@download/ENCFF638WUB.bed.gz	HNRNPU_K562_2_ENCFF638WUB.bed.gz
https://www.encodeproject.org/files/ENCFF923IAU//@@download/ENCFF923IAU.bed.gz	PRPF8_HepG2_1_ENCFF923IAU.bed.gz
https://www.encodeproject.org/files/ENCFF098XUM//@@download/ENCFF098XUM.bed.gz	PRPF8_HepG2_2_ENCFF098XUM.bed.gz
https://www.encodeproject.org/files/ENCFF886MOW//@@download/ENCFF886MOW.bed.gz	GRWD1_HepG2_1_ENCFF886MOW.bed.gz
https://www.encodeproject.org/files/ENCFF971KUU//@@download/ENCFF971KUU.bed.gz	GRWD1_HepG2_2_ENCFF971KUU.bed.gz
https://www.encodeproject.org/files/ENCFF251QTX//@@download/ENCFF251QTX.bed.gz	RPS3_HepG2_1_ENCFF251QTX.bed.gz
https://www.encodeproject.org/files/ENCFF275HKC//@@download/ENCFF275HKC.bed.gz	RPS3_HepG2_2_ENCFF275HKC.bed.gz
https://www.encodeproject.org/files/ENCFF163CUI//@@download/ENCFF163CUI.bed.gz	DDX55_HepG2_1_ENCFF163CUI.bed.gz
https://www.encodeproject.org/files/ENCFF452KYY//@@download/ENCFF452KYY.bed.gz	DDX55_HepG2_2_ENCFF452KYY.bed.gz
https://www.encodeproject.org/files/ENCFF082VUD//@@download/ENCFF082VUD.bed.gz	IGF2BP2_K562_1_ENCFF082VUD.bed.gz
https://www.encodeproject.org/files/ENCFF988HSD//@@download/ENCFF988HSD.bed.gz	IGF2BP2_K562_2_ENCFF988HSD.bed.gz
https://www.encodeproject.org/files/ENCFF960OTE//@@download/ENCFF960OTE.bed.gz	SFPQ_HepG2_1_ENCFF960OTE.bed.gz
https://www.encodeproject.org/files/ENCFF417EZT//@@download/ENCFF417EZT.bed.gz	SFPQ_HepG2_2_ENCFF417EZT.bed.gz
https://www.encodeproject.org/files/ENCFF991VJI//@@download/ENCFF991VJI.bed.gz	DDX59_HepG2_1_ENCFF991VJI.bed.gz
https://www.encodeproject.org/files/ENCFF213PRP//@@download/ENCFF213PRP.bed.gz	DDX59_HepG2_2_ENCFF213PRP.bed.gz
https://www.encodeproject.org/files/ENCFF996BXS//@@download/ENCFF996BXS.bed.gz	TAF15_K562_1_ENCFF996BXS.bed.gz
https://www.encodeproject.org/files/ENCFF409DPS//@@download/ENCFF409DPS.bed.gz	TAF15_K562_2_ENCFF409DPS.bed.gz
https://www.encodeproject.org/files/ENCFF457ETB//@@download/ENCFF457ETB.bed.gz	FMR1_K562_1_ENCFF457ETB.bed.gz
https://www.encodeproject.org/files/ENCFF845EEJ//@@download/ENCFF845EEJ.bed.gz	FMR1_K562_2_ENCFF845EEJ.bed.gz
https://www.encodeproject.org/files/ENCFF065ZXM//@@download/ENCFF065ZXM.bed.gz	PPIG_HepG2_1_ENCFF065ZXM.bed.gz
https://www.encodeproject.org/files/ENCFF953KUR//@@download/ENCFF953KUR.bed.gz	PPIG_HepG2_2_ENCFF953KUR.bed.gz
https://www.encodeproject.org/files/ENCFF814MSM//@@download/ENCFF814MSM.bed.gz	FKBP4_HepG2_1_ENCFF814MSM.bed.gz
https://www.encodeproject.org/files/ENCFF949BFD//@@download/ENCFF949BFD.bed.gz	FKBP4_HepG2_2_ENCFF949BFD.bed.gz
https://www.encodeproject.org/files/ENCFF569CXX//@@download/ENCFF569CXX.bed.gz	HNRNPUL1_HepG2_1_ENCFF569CXX.bed.gz
https://www.encodeproject.org/files/ENCFF487VHA//@@download/ENCFF487VHA.bed.gz	HNRNPUL1_HepG2_2_ENCFF487VHA.bed.gz
https://www.encodeproject.org/files/ENCFF683EWG//@@download/ENCFF683EWG.bed.gz	SLBP_K562_1_ENCFF683EWG.bed.gz
https://www.encodeproject.org/files/ENCFF127WAK//@@download/ENCFF127WAK.bed.gz	SLBP_K562_2_ENCFF127WAK.bed.gz
https://www.encodeproject.org/files/ENCFF572IJY//@@download/ENCFF572IJY.bed.gz	LARP7_K562_1_ENCFF572IJY.bed.gz
https://www.encodeproject.org/files/ENCFF960ILE//@@download/ENCFF960ILE.bed.gz	LARP7_K562_2_ENCFF960ILE.bed.gz
https://www.encodeproject.org/files/ENCFF019IEW//@@download/ENCFF019IEW.bed.gz	CSTF2T_HepG2_1_ENCFF019IEW.bed.gz
https://www.encodeproject.org/files/ENCFF625AZC//@@download/ENCFF625AZC.bed.gz	CSTF2T_HepG2_2_ENCFF625AZC.bed.gz
https://www.encodeproject.org/files/ENCFF103YQS//@@download/ENCFF103YQS.bed.gz	FUBP3_HepG2_1_ENCFF103YQS.bed.gz
https://www.encodeproject.org/files/ENCFF739YDO//@@download/ENCFF739YDO.bed.gz	FUBP3_HepG2_2_ENCFF739YDO.bed.gz
https://www.encodeproject.org/files/ENCFF432ASF//@@download/ENCFF432ASF.bed.gz	SRSF9_HepG2_1_ENCFF432ASF.bed.gz
https://www.encodeproject.org/files/ENCFF327JJE//@@download/ENCFF327JJE.bed.gz	SRSF9_HepG2_2_ENCFF327JJE.bed.gz
https://www.encodeproject.org/files/ENCFF944XFZ//@@download/ENCFF944XFZ.bed.gz	SRSF7_HepG2_1_ENCFF944XFZ.bed.gz
https://www.encodeproject.org/files/ENCFF593CEQ//@@download/ENCFF593CEQ.bed.gz	SRSF7_HepG2_2_ENCFF593CEQ.bed.gz
https://www.encodeproject.org/files/ENCFF893FMD//@@download/ENCFF893FMD.bed.gz	SAFB2_K562_1_ENCFF893FMD.bed.gz
https://www.encodeproject.org/files/ENCFF871RJA//@@download/ENCFF871RJA.bed.gz	SAFB2_K562_2_ENCFF871RJA.bed.gz
https://www.encodeproject.org/files/ENCFF341KSL//@@download/ENCFF341KSL.bed.gz	SND1_K562_1_ENCFF341KSL.bed.gz
https://www.encodeproject.org/files/ENCFF971LCF//@@download/ENCFF971LCF.bed.gz	SND1_K562_2_ENCFF971LCF.bed.gz
https://www.encodeproject.org/files/ENCFF389TCM//@@download/ENCFF389TCM.bed.gz	ZNF622_K562_1_ENCFF389TCM.bed.gz
https://www.encodeproject.org/files/ENCFF282VKB//@@download/ENCFF282VKB.bed.gz	ZNF622_K562_2_ENCFF282VKB.bed.gz
https://www.encodeproject.org/files/ENCFF165VFF//@@download/ENCFF165VFF.bed.gz	RBM15_HepG2_1_ENCFF165VFF.bed.gz
https://www.encodeproject.org/files/ENCFF209PMC//@@download/ENCFF209PMC.bed.gz	RBM15_HepG2_2_ENCFF209PMC.bed.gz
https://www.encodeproject.org/files/ENCFF673EQX//@@download/ENCFF673EQX.bed.gz	AGGF1_HepG2_1_ENCFF673EQX.bed.gz
https://www.encodeproject.org/files/ENCFF936QKU//@@download/ENCFF936QKU.bed.gz	AGGF1_HepG2_2_ENCFF936QKU.bed.gz
https://www.encodeproject.org/files/ENCFF188HFB//@@download/ENCFF188HFB.bed.gz	FAM120A_K562_1_ENCFF188HFB.bed.gz
https://www.encodeproject.org/files/ENCFF016RWW//@@download/ENCFF016RWW.bed.gz	FAM120A_K562_2_ENCFF016RWW.bed.gz
https://www.encodeproject.org/files/ENCFF389JHH//@@download/ENCFF389JHH.bed.gz	PUS1_K562_1_ENCFF389JHH.bed.gz
https://www.encodeproject.org/files/ENCFF904FWY//@@download/ENCFF904FWY.bed.gz	PUS1_K562_2_ENCFF904FWY.bed.gz
https://www.encodeproject.org/files/ENCFF124ZON//@@download/ENCFF124ZON.bed.gz	TROVE2_HepG2_1_ENCFF124ZON.bed.gz
https://www.encodeproject.org/files/ENCFF401RUI//@@download/ENCFF401RUI.bed.gz	TROVE2_HepG2_2_ENCFF401RUI.bed.gz
https://www.encodeproject.org/files/ENCFF348TAB//@@download/ENCFF348TAB.bed.gz	TBRG4_HepG2_1_ENCFF348TAB.bed.gz
https://www.encodeproject.org/files/ENCFF736HGJ//@@download/ENCFF736HGJ.bed.gz	TBRG4_HepG2_2_ENCFF736HGJ.bed.gz
https://www.encodeproject.org/files/ENCFF897PMV//@@download/ENCFF897PMV.bed.gz	DKC1_HepG2_1_ENCFF897PMV.bed.gz
https://www.encodeproject.org/files/ENCFF841ZPX//@@download/ENCFF841ZPX.bed.gz	DKC1_HepG2_2_ENCFF841ZPX.bed.gz
https://www.encodeproject.org/files/ENCFF219KHR//@@download/ENCFF219KHR.bed.gz	GRSF1_HepG2_1_ENCFF219KHR.bed.gz
https://www.encodeproject.org/files/ENCFF236THW//@@download/ENCFF236THW.bed.gz	GRSF1_HepG2_2_ENCFF236THW.bed.gz
https://www.encodeproject.org/files/ENCFF551IJQ//@@download/ENCFF551IJQ.bed.gz	QKI_HepG2_1_ENCFF551IJQ.bed.gz
https://www.encodeproject.org/files/ENCFF815XNW//@@download/ENCFF815XNW.bed.gz	QKI_HepG2_2_ENCFF815XNW.bed.gz
https://www.encodeproject.org/files/ENCFF040AJT//@@download/ENCFF040AJT.bed.gz	GPKOW_K562_1_ENCFF040AJT.bed.gz
https://www.encodeproject.org/files/ENCFF318RDQ//@@download/ENCFF318RDQ.bed.gz	GPKOW_K562_2_ENCFF318RDQ.bed.gz
https://www.encodeproject.org/files/ENCFF045AEV//@@download/ENCFF045AEV.bed.gz	POLR2G_HepG2_1_ENCFF045AEV.bed.gz
https://www.encodeproject.org/files/ENCFF079ZKD//@@download/ENCFF079ZKD.bed.gz	POLR2G_HepG2_2_ENCFF079ZKD.bed.gz
https://www.encodeproject.org/files/ENCFF454MWQ//@@download/ENCFF454MWQ.bed.gz	PCBP2_HepG2_1_ENCFF454MWQ.bed.gz
https://www.encodeproject.org/files/ENCFF514GGZ//@@download/ENCFF514GGZ.bed.gz	PCBP2_HepG2_2_ENCFF514GGZ.bed.gz
https://www.encodeproject.org/files/ENCFF091OYS//@@download/ENCFF091OYS.bed.gz	AKAP8L_K562_1_ENCFF091OYS.bed.gz
https://www.encodeproject.org/files/ENCFF071DWM//@@download/ENCFF071DWM.bed.gz	AKAP8L_K562_2_ENCFF071DWM.bed.gz
https://www.encodeproject.org/files/ENCFF390PJW//@@download/ENCFF390PJW.bed.gz	RBFOX2_HepG2_1_ENCFF390PJW.bed.gz
https://www.encodeproject.org/files/ENCFF082QGS//@@download/ENCFF082QGS.bed.gz	RBFOX2_HepG2_2_ENCFF082QGS.bed.gz
https://www.encodeproject.org/files/ENCFF548SIH//@@download/ENCFF548SIH.bed.gz	CSTF2_HepG2_1_ENCFF548SIH.bed.gz
https://www.encodeproject.org/files/ENCFF645IXY//@@download/ENCFF645IXY.bed.gz	CSTF2_HepG2_2_ENCFF645IXY.bed.gz
https://www.encodeproject.org/files/ENCFF327FBF//@@download/ENCFF327FBF.bed.gz	HNRNPM_K562_1_ENCFF327FBF.bed.gz
https://www.encodeproject.org/files/ENCFF005PKK//@@download/ENCFF005PKK.bed.gz	HNRNPM_K562_2_ENCFF005PKK.bed.gz
https://www.encodeproject.org/files/ENCFF516OAW//@@download/ENCFF516OAW.bed.gz	DROSHA_K562_1_ENCFF516OAW.bed.gz
https://www.encodeproject.org/files/ENCFF314RBZ//@@download/ENCFF314RBZ.bed.gz	DROSHA_K562_2_ENCFF314RBZ.bed.gz
https://www.encodeproject.org/files/ENCFF076GHL//@@download/ENCFF076GHL.bed.gz	IGF2BP3_HepG2_1_ENCFF076GHL.bed.gz
https://www.encodeproject.org/files/ENCFF998WZW//@@download/ENCFF998WZW.bed.gz	IGF2BP3_HepG2_2_ENCFF998WZW.bed.gz
https://www.encodeproject.org/files/ENCFF733BEV//@@download/ENCFF733BEV.bed.gz	LSM11_K562_1_ENCFF733BEV.bed.gz
https://www.encodeproject.org/files/ENCFF760VJY//@@download/ENCFF760VJY.bed.gz	LSM11_K562_2_ENCFF760VJY.bed.gz
https://www.encodeproject.org/files/ENCFF377WFP//@@download/ENCFF377WFP.bed.gz	BCCIP_HepG2_1_ENCFF377WFP.bed.gz
https://www.encodeproject.org/files/ENCFF296TYQ//@@download/ENCFF296TYQ.bed.gz	BCCIP_HepG2_2_ENCFF296TYQ.bed.gz
https://www.encodeproject.org/files/ENCFF545NBF//@@download/ENCFF545NBF.bed.gz	RBM22_HepG2_1_ENCFF545NBF.bed.gz
https://www.encodeproject.org/files/ENCFF253ZSN//@@download/ENCFF253ZSN.bed.gz	RBM22_HepG2_2_ENCFF253ZSN.bed.gz
https://www.encodeproject.org/files/ENCFF182RWR//@@download/ENCFF182RWR.bed.gz	GEMIN5_K562_1_ENCFF182RWR.bed.gz
https://www.encodeproject.org/files/ENCFF151VUB//@@download/ENCFF151VUB.bed.gz	GEMIN5_K562_2_ENCFF151VUB.bed.gz
https://www.encodeproject.org/files/ENCFF135TAD//@@download/ENCFF135TAD.bed.gz	METAP2_K562_1_ENCFF135TAD.bed.gz
https://www.encodeproject.org/files/ENCFF962CKJ//@@download/ENCFF962CKJ.bed.gz	METAP2_K562_2_ENCFF962CKJ.bed.gz
https://www.encodeproject.org/files/ENCFF854GBT//@@download/ENCFF854GBT.bed.gz	HLTF_K562_1_ENCFF854GBT.bed.gz
https://www.encodeproject.org/files/ENCFF114YWP//@@download/ENCFF114YWP.bed.gz	HLTF_K562_2_ENCFF114YWP.bed.gz
https://www.encodeproject.org/files/ENCFF210TQC//@@download/ENCFF210TQC.bed.gz	YBX3_K562_1_ENCFF210TQC.bed.gz
https://www.encodeproject.org/files/ENCFF644FFX//@@download/ENCFF644FFX.bed.gz	YBX3_K562_2_ENCFF644FFX.bed.gz
https://www.encodeproject.org/files/ENCFF214HOA//@@download/ENCFF214HOA.bed.gz	SRSF1_HepG2_1_ENCFF214HOA.bed.gz
https://www.encodeproject.org/files/ENCFF508DKJ//@@download/ENCFF508DKJ.bed.gz	SRSF1_HepG2_2_ENCFF508DKJ.bed.gz
https://www.encodeproject.org/files/ENCFF286HJK//@@download/ENCFF286HJK.bed.gz	AUH_K562_1_ENCFF286HJK.bed.gz
https://www.encodeproject.org/files/ENCFF378AEN//@@download/ENCFF378AEN.bed.gz	AUH_K562_2_ENCFF378AEN.bed.gz
